{
  "AP@0.5": {
    "circle": 0.6368264825136656,
    "square": 0.4302871922767504,
    "triangle": 0.6342902729700386
  },
  "mAP@0.5": 0.5671346492534849
}