{
  "AP@0.5": {
    "circle": 0.23736656514438442,
    "square": 0.49739220067349377,
    "triangle": 0.6843664001072209
  },
  "mAP@0.5": 0.4730417219750331
}