{
  "AP@0.5": {
    "circle": 0.6611303147084886,
    "square": 0.34488975836857194,
    "triangle": 0.5626932328816563
  },
  "mAP@0.5": 0.5229044353195723
}