{
  "AP@0.5": {
    "circle": 0.4084616329844144,
    "square": 0.683923546847284,
    "triangle": 0.82905479417437
  },
  "mAP@0.5": 0.6404799913353562
}