{
  "heatmap_resolution": {
    "32": 0.0017886631190776824,
    "64": 0.002452289555221796,
    "128": 0.000689634857699275
  },
  "sigma": {
    "1.0": 0.0010420574340969323,
    "2.0": 0.002429170599207282,
    "3.0": 0.002464634096249938,
    "4.0": 0.002249580230563879
  },
  "skip_connections": {
    "with": 0.0022918078768998386,
    "without": 0.0030133024882525207
  }
}