{
  "thresholds": [
    0.05,
    0.1,
    0.15,
    0.2
  ],
  "PCK_heatmap": {
    "0.05": 0.8360000252723694,
    "0.1": 0.8679999709129333,
    "0.15": 0.8960000276565552,
    "0.2": 0.9150000214576721
  },
  "PCK_regression": {
    "0.05": 0.05000000074505806,
    "0.1": 0.21299999952316284,
    "0.15": 0.3779999911785126,
    "0.2": 0.5059999823570251
  }
}