{
  "thresholds": [
    0.05,
    0.1,
    0.15,
    0.2
  ],
  "PCK_heatmap": {
    "0.05": 0.8399999737739563,
    "0.1": 0.875,
    "0.15": 0.8980000019073486,
    "0.2": 0.9200000166893005
  },
  "PCK_regression": {
    "0.05": 0.07800000160932541,
    "0.1": 0.2329999953508377,
    "0.15": 0.3790000081062317,
    "0.2": 0.5289999842643738
  }
}