{
  "heatmap": {
    "train_loss": [
      0.015568153992295265,
      0.0032999668810516597,
      0.0028963095862418412,
      0.002675808606669307,
      0.002415937453508377,
      0.002124361276626587,
      0.001885508949868381,
      0.0016594526385888457,
      0.0014385319957509637,
      0.0012154582273215056,
      0.0010583462584763765,
      0.0009546318743377924,
      0.0008869991796091199,
      0.0008323695757426322,
      0.0007924311417154968,
      0.0007628881414420902,
      0.0007301723333075642,
      0.0007179925832897424,
      0.0006936552999541164,
      0.0006851503904908896,
      0.0006708749774843454,
      0.0006531175705604256,
      0.0006423664325848221,
      0.0006331181186251342,
      0.0006213164757937193,
      0.0006156110377050937,
      0.0006086451816372573,
      0.0006050995355471969,
      0.0006011329693719745,
      0.0005908982446417212
    ],
    "val_loss": [
      0.003809130508452654,
      0.003045226316899061,
      0.002809145729988813,
      0.00261566961184144,
      0.002323038335889578,
      0.0020479683391749857,
      0.0018855150137096644,
      0.0016514183580875396,
      0.0013824630808085203,
      0.0011909532360732556,
      0.0010341340629383923,
      0.0009932585526257753,
      0.0008831082354299725,
      0.0008665850386023521,
      0.0008389777760021388,
      0.0007865585968829692,
      0.0007652683649212122,
      0.0007320890249684453,
      0.000784573934506625,
      0.0007434265408664942,
      0.0007265097321942449,
      0.0006804522080346942,
      0.0007250637793913484,
      0.0006642488925717771,
      0.0006528819422237575,
      0.0006552596925757826,
      0.0006705307215452194,
      0.0006735756690613926,
      0.0006294571282342076,
      0.0006284352717921138
    ]
  },
  "regression": {
    "train_loss": [
      0.02248606475442648,
      0.01743972436338663,
      0.015892180815339087,
      0.014982390843331814,
      0.013707025684416294,
      0.012476401463150977,
      0.011074719168245793,
      0.010949645396322013,
      0.01040728709846735,
      0.01021030979603529,
      0.009866869002580643,
      0.009783313363790512,
      0.009542325489223003,
      0.00950782235711813,
      0.009492736749351024,
      0.009367798298597336,
      0.009399446353316307,
      0.009268364764750004,
      0.009171752080321312,
      0.009194362930953503,
      0.00904351980984211,
      0.00904883450269699,
      0.008868861634284258,
      0.008980977959930896,
      0.008872386544942856,
      0.008897418383508921,
      0.008932848930358887,
      0.00882978067547083,
      0.008886313691735268,
      0.008793268442153931
    ],
    "val_loss": [
      0.018180739134550095,
      0.014769797027111054,
      0.014466954544186592,
      0.013575729802250863,
      0.011932207643985749,
      0.010302695967257023,
      0.014138887897133827,
      0.010698291584849357,
      0.009056707024574279,
      0.008682636953890323,
      0.00853916771709919,
      0.008605806231498718,
      0.00849267903715372,
      0.0089071524143219,
      0.008508351668715476,
      0.00884829331189394,
      0.0103498812392354,
      0.008327004089951516,
      0.008909454010426998,
      0.008394725546240807,
      0.008416865430772304,
      0.00842981606721878,
      0.00839545726776123,
      0.008311477825045585,
      0.008308872468769551,
      0.008741898760199547,
      0.008503684028983115,
      0.00831691537052393,
      0.008497871868312358,
      0.008305696547031402
    ]
  },
  "epochs": 30,
  "batch_size": 32,
  "optimizer": "Adam",
  "lr": 0.001
}