{
  "heatmap": {
    "train_loss": [
      0.022149432398378847,
      0.003573467902839184,
      0.003068876864388585,
      0.00283648931607604,
      0.0026072104703634977,
      0.002330875273793936,
      0.0020187952043488624,
      0.0017414872525259853,
      0.0015151392947882413,
      0.0013158021410927176,
      0.0011502794530242682,
      0.0010431398982182144,
      0.0009571176362223923,
      0.0008964289063587785,
      0.0008505540685728192,
      0.000811207274440676,
      0.0007792346812784672,
      0.0007526573464274407,
      0.0007278243149630725,
      0.000708089011721313,
      0.0006917744348756969,
      0.0006764403702691198,
      0.0006635359060019254,
      0.0006547229355201125,
      0.0006443574270233512,
      0.0006350694363936782,
      0.0006271391781046986,
      0.0006204729983583093,
      0.0006129027577117085,
      0.0006056950176134705
    ],
    "val_loss": [
      0.004232836831361056,
      0.0032427290268242357,
      0.0029783321544528006,
      0.002788611063733697,
      0.002570399446412921,
      0.002299398463219404,
      0.0019635299034416677,
      0.0016617796570062638,
      0.0014455559011548758,
      0.001268908390775323,
      0.0011519503267481924,
      0.0010288923513144255,
      0.0010253374185413121,
      0.0009191924915648997,
      0.000886095070745796,
      0.0008554564719088375,
      0.0008178686210885644,
      0.0008260377356782556,
      0.0007536202040500939,
      0.000734596427064389,
      0.0007183899777010083,
      0.0007043162290938198,
      0.0007236930867657066,
      0.0007207996817305684,
      0.000676268262322992,
      0.0007288992777466774,
      0.000671829585917294,
      0.0006625823210924864,
      0.0006489666574634611,
      0.000669164750725031
    ]
  },
  "regression": {
    "train_loss": [
      0.022826555132865904,
      0.017163523763418197,
      0.0158653414696455,
      0.014433550372719765,
      0.013168063528835773,
      0.011860854245722294,
      0.011152218103408813,
      0.01076320944726467,
      0.010458736404776573,
      0.010192059502005578,
      0.010069014675915242,
      0.009823047325015068,
      0.009794906325638295,
      0.00975121758878231,
      0.009804197542369365,
      0.009543129920959473,
      0.009650462619960307,
      0.009292622864246368,
      0.009133320711553096,
      0.009128753654658794,
      0.009361671671271323,
      0.009223469577729702,
      0.009108519546687604,
      0.009036045350134372,
      0.009211684241890908,
      0.008787476174533368,
      0.008992329314351082,
      0.008789093866944313,
      0.008848571285605431,
      0.008791288435459137
    ],
    "val_loss": [
      0.019134498909115793,
      0.0144575946778059,
      0.01486620917916298,
      0.01475921668112278,
      0.012221571169793605,
      0.015286106988787651,
      0.00904100902378559,
      0.00894086666405201,
      0.008908973522484303,
      0.009541139230132103,
      0.008505650833249091,
      0.009290713928639888,
      0.008559319339692593,
      0.00844459317624569,
      0.00857307344675064,
      0.008502908982336521,
      0.008812795020639896,
      0.008580378629267216,
      0.008501640036702156,
      0.008948098942637444,
      0.008813378363847733,
      0.008384903706610203,
      0.008446879032999278,
      0.008416047915816308,
      0.008447826690971851,
      0.008868979290127754,
      0.008887605629861356,
      0.008484936952590942,
      0.008237482458353042,
      0.008263765051960945
    ]
  },
  "epochs": 30,
  "batch_size": 32,
  "optimizer": "Adam",
  "lr": 0.001
}