{
  "heatmap_resolution": {
    "32": 0.001928296312689781,
    "64": 0.002365420935675502,
    "128": 0.000697568072937429
  },
  "sigma": {
    "1.0": 0.001070957942865789,
    "2.0": 0.002741157887503505,
    "3.0": 0.0032318942807614804,
    "4.0": 0.002647315077483654
  },
  "skip_connections": {
    "with": 0.0025498615112155678,
    "without": 0.0029123170860111715
  }
}